[{"id":1,"name":"Pizza","price":280,"calories":2580},{"id":2,"name":"Burger","price":240,"calories":1700},{"id":6,"name":"BBQ","price":450,"calories":2500},{"id":4,"name":"English Breakfast","price":200,"calories":1800},{"id":5,"name":"турли тава","price":100,"calories":200},{"id":7,"name":"Toast","price":100,"calories":900},{"id":8,"name":"Gjiro","price":140,"calories":2000},{"id":9,"name":"Burek so sirenje","price":50,"calories":3100},{"id":10,"name":"Lasagna","price":440,"calories":1500},{"id":11,"name":"Chicken","price":230,"calories":500},{"id":12,"name":"Musaka","price":40,"calories":1500},{"id":13,"name":"Soup","price":50,"calories":200}]